"src_node","dst_node","src_space_id","dst_space_id"
"11","1","1","1"
"11","1","2","1"
"23","1","3","1"
"23","1","1","1"
"101","1","1","1"
"101","1","4","1"
"102","1","1","1"
"83","1","4","1"
"83","1","1","1"
"7","4","1","1"
"7","4","2","1"
"6","4","1","1"
"6","4","2","1"
"9","4","1","1"
"9","4","2","1"
"8","4","1","1"
"8","4","2","1"
"10","4","1","1"
"10","4","2","1"
"5","4","1","1"
"5","4","2","1"
"11","4","1","1"
"11","4","2","1"
"12","4","1","1"
"12","4","2","1"
"12","4","3","1"
"13","4","1","1"
"13","4","2","1"
"15","4","1","1"
"15","4","2","1"
"25","4","3","1"
"25","4","1","1"
"26","4","3","1"
"26","4","1","1"
"47","4","1","1"
"32","4","1","1"
"32","4","3","1"
"50","4","1","1"
"50","4","3","1"
"83","4","4","1"
"83","4","1","1"
"23","4","3","1"
"23","4","1","1"
"48","4","1","1"
"48","4","3","1"
"102","4","1","1"
"78","4","4","1"
"78","4","1","1"
"78","4","6","1"
"101","4","1","1"
"101","4","4","1"
"113","4","1","1"
"113","4","4","1"
"89","4","4","1"
"89","4","1","1"
"54","4","1","1"
"54","4","3","1"
"111","4","1","1"
"131","4","4","1"
"131","4","1","1"
"131","4","5","1"
"137","4","4","1"
"137","4","1","1"
"107","4","1","1"
"107","4","3","1"
"129","4","3","1"
"129","4","1","1"
"42","4","3","1"
"42","4","1","1"
"45","4","1","1"
"45","4","3","1"
"64","4","3","1"
"64","4","1","1"
"11","1","1","2"
"11","1","2","2"
"23","1","3","2"
"23","1","1","2"
"101","1","1","2"
"101","1","4","2"
"102","1","1","2"
"83","1","4","2"
"83","1","1","2"
"7","4","1","2"
"7","4","2","2"
"6","4","1","2"
"6","4","2","2"
"9","4","1","2"
"9","4","2","2"
"8","4","1","2"
"8","4","2","2"
"10","4","1","2"
"10","4","2","2"
"5","4","1","2"
"5","4","2","2"
"11","4","1","2"
"11","4","2","2"
"12","4","1","2"
"12","4","2","2"
"12","4","3","2"
"13","4","1","2"
"13","4","2","2"
"15","4","1","2"
"15","4","2","2"
"25","4","3","2"
"25","4","1","2"
"26","4","3","2"
"26","4","1","2"
"47","4","1","2"
"32","4","1","2"
"32","4","3","2"
"50","4","1","2"
"50","4","3","2"
"83","4","4","2"
"83","4","1","2"
"23","4","3","2"
"23","4","1","2"
"48","4","1","2"
"48","4","3","2"
"102","4","1","2"
"78","4","4","2"
"78","4","1","2"
"78","4","6","2"
"101","4","1","2"
"101","4","4","2"
"113","4","1","2"
"113","4","4","2"
"89","4","4","2"
"89","4","1","2"
"54","4","1","2"
"54","4","3","2"
"111","4","1","2"
"131","4","4","2"
"131","4","1","2"
"131","4","5","2"
"137","4","4","2"
"137","4","1","2"
"107","4","1","2"
"107","4","3","2"
"129","4","3","2"
"129","4","1","2"
"42","4","3","2"
"42","4","1","2"
"45","4","1","2"
"45","4","3","2"
"64","4","3","2"
"64","4","1","2"
"7","5","1","1"
"7","5","2","1"
"6","5","1","1"
"6","5","2","1"
"11","5","1","1"
"11","5","2","1"
"10","5","1","1"
"10","5","2","1"
"4","5","1","1"
"4","5","2","1"
"4","5","3","1"
"4","5","4","1"
"4","5","5","1"
"4","5","6","1"
"4","5","7","1"
"12","5","1","1"
"12","5","2","1"
"12","5","3","1"
"13","5","1","1"
"13","5","2","1"
"15","5","1","1"
"15","5","2","1"
"83","5","4","1"
"83","5","1","1"
"101","5","1","1"
"101","5","4","1"
"81","5","4","1"
"81","5","1","1"
"116","5","1","1"
"116","5","2","1"
"7","5","1","2"
"7","5","2","2"
"6","5","1","2"
"6","5","2","2"
"11","5","1","2"
"11","5","2","2"
"10","5","1","2"
"10","5","2","2"
"4","5","1","2"
"4","5","2","2"
"4","5","3","2"
"4","5","4","2"
"4","5","5","2"
"4","5","6","2"
"4","5","7","2"
"12","5","1","2"
"12","5","2","2"
"12","5","3","2"
"13","5","1","2"
"13","5","2","2"
"15","5","1","2"
"15","5","2","2"
"83","5","4","2"
"83","5","1","2"
"101","5","1","2"
"101","5","4","2"
"81","5","4","2"
"81","5","1","2"
"116","5","1","2"
"116","5","2","2"
"7","6","1","1"
"7","6","2","1"
"10","6","1","1"
"10","6","2","1"
"4","6","1","1"
"4","6","2","1"
"4","6","3","1"
"4","6","4","1"
"4","6","5","1"
"4","6","6","1"
"4","6","7","1"
"12","6","1","1"
"12","6","2","1"
"12","6","3","1"
"11","6","1","1"
"11","6","2","1"
"5","6","1","1"
"5","6","2","1"
"101","6","1","1"
"101","6","4","1"
"11","7","1","1"
"11","7","2","1"
"4","7","1","1"
"4","7","2","1"
"4","7","3","1"
"4","7","4","1"
"4","7","5","1"
"4","7","6","1"
"4","7","7","1"
"9","7","1","1"
"9","7","2","1"
"8","7","1","1"
"8","7","2","1"
"6","7","1","1"
"6","7","2","1"
"10","7","1","1"
"10","7","2","1"
"5","7","1","1"
"5","7","2","1"
"12","7","1","1"
"12","7","2","1"
"12","7","3","1"
"101","7","1","1"
"101","7","4","1"
"116","7","1","1"
"116","7","2","1"
"7","8","1","1"
"7","8","2","1"
"10","8","1","1"
"10","8","2","1"
"4","8","1","1"
"4","8","2","1"
"4","8","3","1"
"4","8","4","1"
"4","8","5","1"
"4","8","6","1"
"4","8","7","1"
"12","8","1","1"
"12","8","2","1"
"12","8","3","1"
"11","8","1","1"
"11","8","2","1"
"101","8","1","1"
"101","8","4","1"
"11","7","1","2"
"11","7","2","2"
"4","7","1","2"
"4","7","2","2"
"4","7","3","2"
"4","7","4","2"
"4","7","5","2"
"4","7","6","2"
"4","7","7","2"
"9","7","1","2"
"9","7","2","2"
"8","7","1","2"
"8","7","2","2"
"6","7","1","2"
"6","7","2","2"
"10","7","1","2"
"10","7","2","2"
"5","7","1","2"
"5","7","2","2"
"12","7","1","2"
"12","7","2","2"
"12","7","3","2"
"101","7","1","2"
"101","7","4","2"
"116","7","1","2"
"116","7","2","2"
"7","8","1","2"
"7","8","2","2"
"10","8","1","2"
"10","8","2","2"
"4","8","1","2"
"4","8","2","2"
"4","8","3","2"
"4","8","4","2"
"4","8","5","2"
"4","8","6","2"
"4","8","7","2"
"12","8","1","2"
"12","8","2","2"
"12","8","3","2"
"11","8","1","2"
"11","8","2","2"
"101","8","1","2"
"101","8","4","2"
"7","9","1","1"
"7","9","2","1"
"10","9","1","1"
"10","9","2","1"
"4","9","1","1"
"4","9","2","1"
"4","9","3","1"
"4","9","4","1"
"4","9","5","1"
"4","9","6","1"
"4","9","7","1"
"12","9","1","1"
"12","9","2","1"
"12","9","3","1"
"11","9","1","1"
"11","9","2","1"
"101","9","1","1"
"101","9","4","1"
"7","10","1","1"
"7","10","2","1"
"11","10","1","1"
"11","10","2","1"
"6","10","1","1"
"6","10","2","1"
"5","10","1","1"
"5","10","2","1"
"4","10","1","1"
"4","10","2","1"
"4","10","3","1"
"4","10","4","1"
"4","10","5","1"
"4","10","6","1"
"4","10","7","1"
"12","10","1","1"
"12","10","2","1"
"12","10","3","1"
"8","10","1","1"
"8","10","2","1"
"13","10","1","1"
"13","10","2","1"
"83","10","4","1"
"83","10","1","1"
"102","10","1","1"
"95","10","4","1"
"95","10","1","1"
"101","10","1","1"
"101","10","4","1"
"7","9","1","2"
"7","9","2","2"
"10","9","1","2"
"10","9","2","2"
"4","9","1","2"
"4","9","2","2"
"4","9","3","2"
"4","9","4","2"
"4","9","5","2"
"4","9","6","2"
"4","9","7","2"
"12","9","1","2"
"12","9","2","2"
"12","9","3","2"
"11","9","1","2"
"11","9","2","2"
"101","9","1","2"
"101","9","4","2"
"7","6","1","2"
"7","6","2","2"
"10","6","1","2"
"10","6","2","2"
"4","6","1","2"
"4","6","2","2"
"4","6","3","2"
"4","6","4","2"
"4","6","5","2"
"4","6","6","2"
"4","6","7","2"
"12","6","1","2"
"12","6","2","2"
"12","6","3","2"
"11","6","1","2"
"11","6","2","2"
"5","6","1","2"
"5","6","2","2"
"101","6","1","2"
"101","6","4","2"
"7","10","1","2"
"7","10","2","2"
"11","10","1","2"
"11","10","2","2"
"6","10","1","2"
"6","10","2","2"
"5","10","1","2"
"5","10","2","2"
"4","10","1","2"
"4","10","2","2"
"4","10","3","2"
"4","10","4","2"
"4","10","5","2"
"4","10","6","2"
"4","10","7","2"
"12","10","1","2"
"12","10","2","2"
"12","10","3","2"
"8","10","1","2"
"8","10","2","2"
"13","10","1","2"
"13","10","2","2"
"83","10","4","2"
"83","10","1","2"
"102","10","1","2"
"95","10","4","2"
"95","10","1","2"
"101","10","1","2"
"101","10","4","2"
"7","11","1","1"
"7","11","2","1"
"10","11","1","1"
"10","11","2","1"
"5","11","1","1"
"5","11","2","1"
"12","11","1","1"
"12","11","2","1"
"12","11","3","1"
"4","11","1","1"
"4","11","2","1"
"4","11","3","1"
"4","11","4","1"
"4","11","5","1"
"4","11","6","1"
"4","11","7","1"
"8","11","1","1"
"8","11","2","1"
"6","11","1","1"
"6","11","2","1"
"101","11","1","1"
"101","11","4","1"
"8","12","1","1"
"8","12","2","1"
"11","12","1","1"
"11","12","2","1"
"10","12","1","1"
"10","12","2","1"
"5","12","1","1"
"5","12","2","1"
"4","12","1","1"
"4","12","2","1"
"4","12","3","1"
"4","12","4","1"
"4","12","5","1"
"4","12","6","1"
"4","12","7","1"
"6","12","1","1"
"6","12","2","1"
"7","12","1","1"
"7","12","2","1"
"83","12","4","1"
"83","12","1","1"
"101","12","1","1"
"101","12","4","1"
"54","12","1","1"
"54","12","3","1"
"32","12","1","1"
"32","12","3","1"
"139","12","3","1"
"139","12","1","1"
"20","12","3","1"
"20","12","1","1"
"42","12","3","1"
"42","12","1","1"
"8","12","1","2"
"8","12","2","2"
"11","12","1","2"
"11","12","2","2"
"10","12","1","2"
"10","12","2","2"
"5","12","1","2"
"5","12","2","2"
"4","12","1","2"
"4","12","2","2"
"4","12","3","2"
"4","12","4","2"
"4","12","5","2"
"4","12","6","2"
"4","12","7","2"
"6","12","1","2"
"6","12","2","2"
"7","12","1","2"
"7","12","2","2"
"83","12","4","2"
"83","12","1","2"
"101","12","1","2"
"101","12","4","2"
"54","12","1","2"
"54","12","3","2"
"32","12","1","2"
"32","12","3","2"
"139","12","3","2"
"139","12","1","2"
"20","12","3","2"
"20","12","1","2"
"42","12","3","2"
"42","12","1","2"
"7","11","1","2"
"7","11","2","2"
"10","11","1","2"
"10","11","2","2"
"5","11","1","2"
"5","11","2","2"
"12","11","1","2"
"12","11","2","2"
"12","11","3","2"
"4","11","1","2"
"4","11","2","2"
"4","11","3","2"
"4","11","4","2"
"4","11","5","2"
"4","11","6","2"
"4","11","7","2"
"8","11","1","2"
"8","11","2","2"
"6","11","1","2"
"6","11","2","2"
"101","11","1","2"
"101","11","4","2"
"5","13","1","1"
"5","13","2","1"
"10","13","1","1"
"10","13","2","1"
"4","13","1","1"
"4","13","2","1"
"4","13","3","1"
"4","13","4","1"
"4","13","5","1"
"4","13","6","1"
"4","13","7","1"
"101","13","1","1"
"101","13","4","1"
"5","13","1","2"
"5","13","2","2"
"10","13","1","2"
"10","13","2","2"
"4","13","1","2"
"4","13","2","2"
"4","13","3","2"
"4","13","4","2"
"4","13","5","2"
"4","13","6","2"
"4","13","7","2"
"101","13","1","2"
"101","13","4","2"
"93","14","1","1"
"93","14","4","1"
"101","14","1","1"
"101","14","4","1"
"93","14","1","2"
"93","14","4","2"
"101","14","1","2"
"101","14","4","2"
"5","15","1","1"
"5","15","2","1"
"4","15","1","1"
"4","15","2","1"
"4","15","3","1"
"4","15","4","1"
"4","15","5","1"
"4","15","6","1"
"4","15","7","1"
"16","15","1","1"
"16","15","2","1"
"83","15","4","1"
"83","15","1","1"
"102","15","1","1"
"101","15","1","1"
"101","15","4","1"
"81","15","4","1"
"81","15","1","1"
"5","15","1","2"
"5","15","2","2"
"4","15","1","2"
"4","15","2","2"
"4","15","3","2"
"4","15","4","2"
"4","15","5","2"
"4","15","6","2"
"4","15","7","2"
"16","15","1","2"
"16","15","2","2"
"83","15","4","2"
"83","15","1","2"
"102","15","1","2"
"101","15","1","2"
"101","15","4","2"
"81","15","4","2"
"81","15","1","2"
"15","16","1","1"
"15","16","2","1"
"101","16","1","1"
"101","16","4","1"
"81","16","4","1"
"81","16","1","1"
"15","16","1","2"
"15","16","2","2"
"101","16","1","2"
"101","16","4","2"
"81","16","4","2"
"81","16","1","2"
"7","4","1","3"
"7","4","2","3"
"6","4","1","3"
"6","4","2","3"
"9","4","1","3"
"9","4","2","3"
"8","4","1","3"
"8","4","2","3"
"10","4","1","3"
"10","4","2","3"
"5","4","1","3"
"5","4","2","3"
"11","4","1","3"
"11","4","2","3"
"12","4","1","3"
"12","4","2","3"
"12","4","3","3"
"13","4","1","3"
"13","4","2","3"
"15","4","1","3"
"15","4","2","3"
"25","4","3","3"
"25","4","1","3"
"26","4","3","3"
"26","4","1","3"
"47","4","1","3"
"32","4","1","3"
"32","4","3","3"
"50","4","1","3"
"50","4","3","3"
"83","4","4","3"
"83","4","1","3"
"23","4","3","3"
"23","4","1","3"
"48","4","1","3"
"48","4","3","3"
"102","4","1","3"
"78","4","4","3"
"78","4","1","3"
"78","4","6","3"
"101","4","1","3"
"101","4","4","3"
"113","4","1","3"
"113","4","4","3"
"89","4","4","3"
"89","4","1","3"
"54","4","1","3"
"54","4","3","3"
"111","4","1","3"
"131","4","4","3"
"131","4","1","3"
"131","4","5","3"
"137","4","4","3"
"137","4","1","3"
"107","4","1","3"
"107","4","3","3"
"129","4","3","3"
"129","4","1","3"
"42","4","3","3"
"42","4","1","3"
"45","4","1","3"
"45","4","3","3"
"64","4","3","3"
"64","4","1","3"
"8","12","1","3"
"8","12","2","3"
"11","12","1","3"
"11","12","2","3"
"10","12","1","3"
"10","12","2","3"
"5","12","1","3"
"5","12","2","3"
"4","12","1","3"
"4","12","2","3"
"4","12","3","3"
"4","12","4","3"
"4","12","5","3"
"4","12","6","3"
"4","12","7","3"
"6","12","1","3"
"6","12","2","3"
"7","12","1","3"
"7","12","2","3"
"83","12","4","3"
"83","12","1","3"
"101","12","1","3"
"101","12","4","3"
"54","12","1","3"
"54","12","3","3"
"32","12","1","3"
"32","12","3","3"
"139","12","3","3"
"139","12","1","3"
"20","12","3","3"
"20","12","1","3"
"42","12","3","3"
"42","12","1","3"
"45","17","1","3"
"45","17","3","3"
"50","17","1","3"
"50","17","3","3"
"101","17","1","3"
"101","17","4","3"
"45","17","1","1"
"45","17","3","1"
"50","17","1","1"
"50","17","3","1"
"101","17","1","1"
"101","17","4","1"
"23","18","3","3"
"23","18","1","3"
"101","18","1","3"
"101","18","4","3"
"23","18","3","1"
"23","18","1","1"
"101","18","1","1"
"101","18","4","1"
"101","19","1","3"
"101","19","4","3"
"54","19","1","3"
"54","19","3","3"
"101","19","1","1"
"101","19","4","1"
"54","19","1","1"
"54","19","3","1"
"26","20","3","3"
"26","20","1","3"
"101","20","1","3"
"101","20","4","3"
"12","20","1","3"
"12","20","2","3"
"12","20","3","3"
"26","20","3","1"
"26","20","1","1"
"101","20","1","1"
"101","20","4","1"
"12","20","1","1"
"12","20","2","1"
"12","20","3","1"
"26","21","3","3"
"26","21","1","3"
"25","21","3","3"
"25","21","1","3"
"45","21","1","3"
"45","21","3","3"
"101","21","1","3"
"101","21","4","3"
"54","21","1","3"
"54","21","3","3"
"26","21","3","1"
"26","21","1","1"
"25","21","3","1"
"25","21","1","1"
"45","21","1","1"
"45","21","3","1"
"101","21","1","1"
"101","21","4","1"
"54","21","1","1"
"54","21","3","1"
"23","22","3","3"
"23","22","1","3"
"50","22","1","3"
"50","22","3","3"
"101","22","1","3"
"101","22","4","3"
"23","22","3","1"
"23","22","1","1"
"50","22","1","1"
"50","22","3","1"
"101","22","1","1"
"101","22","4","1"
"26","23","3","3"
"26","23","1","3"
"22","23","3","3"
"22","23","1","3"
"50","23","1","3"
"50","23","3","3"
"106","23","1","3"
"58","23","1","3"
"58","23","3","3"
"4","23","1","3"
"4","23","2","3"
"4","23","3","3"
"4","23","4","3"
"4","23","5","3"
"4","23","6","3"
"4","23","7","3"
"101","23","1","3"
"101","23","4","3"
"26","23","3","1"
"26","23","1","1"
"22","23","3","1"
"22","23","1","1"
"50","23","1","1"
"50","23","3","1"
"106","23","1","1"
"58","23","1","1"
"58","23","3","1"
"4","23","1","1"
"4","23","2","1"
"4","23","3","1"
"4","23","4","1"
"4","23","5","1"
"4","23","6","1"
"4","23","7","1"
"101","23","1","1"
"101","23","4","1"
"101","24","1","3"
"101","24","4","3"
"89","24","4","3"
"89","24","1","3"
"54","24","1","3"
"54","24","3","3"
"101","24","1","1"
"101","24","4","1"
"89","24","4","1"
"89","24","1","1"
"54","24","1","1"
"54","24","3","1"
"23","25","3","3"
"23","25","1","3"
"26","25","3","3"
"26","25","1","3"
"30","25","3","3"
"30","25","1","3"
"4","25","1","3"
"4","25","2","3"
"4","25","3","3"
"4","25","4","3"
"4","25","5","3"
"4","25","6","3"
"4","25","7","3"
"101","25","1","3"
"101","25","4","3"
"54","25","1","3"
"54","25","3","3"
"23","25","3","1"
"23","25","1","1"
"26","25","3","1"
"26","25","1","1"
"30","25","3","1"
"30","25","1","1"
"4","25","1","1"
"4","25","2","1"
"4","25","3","1"
"4","25","4","1"
"4","25","5","1"
"4","25","6","1"
"4","25","7","1"
"101","25","1","1"
"101","25","4","1"
"54","25","1","1"
"54","25","3","1"
"25","26","3","3"
"25","26","1","3"
"23","26","3","3"
"23","26","1","3"
"30","26","3","3"
"30","26","1","3"
"27","26","1","3"
"27","26","3","3"
"20","26","3","3"
"20","26","1","3"
"4","26","1","3"
"4","26","2","3"
"4","26","3","3"
"4","26","4","3"
"4","26","5","3"
"4","26","6","3"
"4","26","7","3"
"36","26","1","3"
"50","26","1","3"
"50","26","3","3"
"61","26","3","3"
"61","26","1","3"
"54","26","1","3"
"54","26","3","3"
"37","26","1","3"
"37","26","3","3"
"101","26","1","3"
"101","26","4","3"
"83","26","4","3"
"83","26","1","3"
"134","26","1","3"
"134","26","3","3"
"29","26","3","3"
"29","26","1","3"
"53","26","1","3"
"53","26","3","3"
"25","26","3","1"
"25","26","1","1"
"23","26","3","1"
"23","26","1","1"
"30","26","3","1"
"30","26","1","1"
"27","26","1","1"
"27","26","3","1"
"20","26","3","1"
"20","26","1","1"
"4","26","1","1"
"4","26","2","1"
"4","26","3","1"
"4","26","4","1"
"4","26","5","1"
"4","26","6","1"
"4","26","7","1"
"36","26","1","1"
"50","26","1","1"
"50","26","3","1"
"61","26","3","1"
"61","26","1","1"
"54","26","1","1"
"54","26","3","1"
"37","26","1","1"
"37","26","3","1"
"101","26","1","1"
"101","26","4","1"
"83","26","4","1"
"83","26","1","1"
"134","26","1","1"
"134","26","3","1"
"29","26","3","1"
"29","26","1","1"
"53","26","1","1"
"53","26","3","1"
"26","27","3","1"
"26","27","1","1"
"101","27","1","1"
"101","27","4","1"
"45","28","1","3"
"45","28","3","3"
"50","28","1","3"
"50","28","3","3"
"101","28","1","3"
"101","28","4","3"
"45","28","1","1"
"45","28","3","1"
"50","28","1","1"
"50","28","3","1"
"101","28","1","1"
"101","28","4","1"
"26","29","3","3"
"26","29","1","3"
"31","29","1","3"
"45","29","1","3"
"45","29","3","3"
"53","29","1","3"
"53","29","3","3"
"50","29","1","3"
"50","29","3","3"
"54","29","1","3"
"54","29","3","3"
"101","29","1","3"
"101","29","4","3"
"32","29","1","3"
"32","29","3","3"
"42","29","3","3"
"42","29","1","3"
"33","29","3","3"
"33","29","1","3"
"26","29","3","1"
"26","29","1","1"
"31","29","1","1"
"45","29","1","1"
"45","29","3","1"
"53","29","1","1"
"53","29","3","1"
"50","29","1","1"
"50","29","3","1"
"54","29","1","1"
"54","29","3","1"
"101","29","1","1"
"101","29","4","1"
"32","29","1","1"
"32","29","3","1"
"42","29","3","1"
"42","29","1","1"
"33","29","3","1"
"33","29","1","1"
"25","30","3","3"
"25","30","1","3"
"26","30","3","3"
"26","30","1","3"
"53","30","1","3"
"53","30","3","3"
"50","30","1","3"
"50","30","3","3"
"101","30","1","3"
"101","30","4","3"
"25","30","3","1"
"25","30","1","1"
"26","30","3","1"
"26","30","1","1"
"53","30","1","1"
"53","30","3","1"
"50","30","1","1"
"50","30","3","1"
"101","30","1","1"
"101","30","4","1"
"45","31","1","1"
"45","31","3","1"
"50","31","1","1"
"50","31","3","1"
"33","31","3","1"
"33","31","1","1"
"101","31","1","1"
"101","31","4","1"
"29","31","3","1"
"29","31","1","1"
"4","32","1","1"
"4","32","2","1"
"4","32","3","1"
"4","32","4","1"
"4","32","5","1"
"4","32","6","1"
"4","32","7","1"
"54","32","1","1"
"54","32","3","1"
"101","32","1","1"
"101","32","4","1"
"12","32","1","1"
"12","32","2","1"
"12","32","3","1"
"29","32","3","1"
"29","32","1","1"
"31","33","1","3"
"45","33","1","3"
"45","33","3","3"
"50","33","1","3"
"50","33","3","3"
"54","33","1","3"
"54","33","3","3"
"61","33","3","3"
"61","33","1","3"
"101","33","1","3"
"101","33","4","3"
"107","33","1","3"
"107","33","3","3"
"29","33","3","3"
"29","33","1","3"
"31","33","1","1"
"45","33","1","1"
"45","33","3","1"
"50","33","1","1"
"50","33","3","1"
"54","33","1","1"
"54","33","3","1"
"61","33","3","1"
"61","33","1","1"
"101","33","1","1"
"101","33","4","1"
"107","33","1","1"
"107","33","3","1"
"29","33","3","1"
"29","33","1","1"
"101","34","1","3"
"101","34","4","3"
"101","35","1","1"
"101","35","4","1"
"54","35","1","1"
"54","35","3","1"
"101","34","1","1"
"101","34","4","1"
"26","36","3","1"
"26","36","1","1"
"50","36","1","1"
"50","36","3","1"
"101","36","1","1"
"101","36","4","1"
"26","37","3","1"
"26","37","1","1"
"54","37","1","1"
"54","37","3","1"
"101","37","1","1"
"101","37","4","1"
"101","35","1","3"
"101","35","4","3"
"54","35","1","3"
"54","35","3","3"
"101","38","1","1"
"101","38","4","1"
"83","38","4","1"
"83","38","1","1"
"50","39","1","1"
"50","39","3","1"
"101","39","1","1"
"101","39","4","1"
"50","40","1","1"
"50","40","3","1"
"106","40","1","1"
"101","40","1","1"
"101","40","4","1"
"107","40","1","1"
"107","40","3","1"
"26","27","3","3"
"26","27","1","3"
"101","27","1","3"
"101","27","4","3"
"101","41","1","3"
"101","41","4","3"
"54","41","1","3"
"54","41","3","3"
"101","41","1","1"
"101","41","4","1"
"54","41","1","1"
"54","41","3","1"
"4","42","1","3"
"4","42","2","3"
"4","42","3","3"
"4","42","4","3"
"4","42","5","3"
"4","42","6","3"
"4","42","7","3"
"122","42","1","3"
"122","42","3","3"
"148","42","1","3"
"148","42","3","3"
"29","42","3","3"
"29","42","1","3"
"12","42","1","3"
"12","42","2","3"
"12","42","3","3"
"4","42","1","1"
"4","42","2","1"
"4","42","3","1"
"4","42","4","1"
"4","42","5","1"
"4","42","6","1"
"4","42","7","1"
"122","42","1","1"
"122","42","3","1"
"148","42","1","1"
"148","42","3","1"
"29","42","3","1"
"29","42","1","1"
"12","42","1","1"
"12","42","2","1"
"12","42","3","1"
"101","43","1","1"
"101","43","4","1"
"101","44","1","3"
"101","44","4","3"
"101","44","1","1"
"101","44","4","1"
"31","45","1","1"
"28","45","3","1"
"28","45","1","1"
"29","45","3","1"
"29","45","1","1"
"50","45","1","1"
"50","45","3","1"
"17","45","3","1"
"17","45","1","1"
"33","45","3","1"
"33","45","1","1"
"101","45","1","1"
"101","45","4","1"
"4","45","1","1"
"4","45","2","1"
"4","45","3","1"
"4","45","4","1"
"4","45","5","1"
"4","45","6","1"
"4","45","7","1"
"50","46","1","1"
"50","46","3","1"
"101","46","1","1"
"101","46","4","1"
"4","47","1","1"
"4","47","2","1"
"4","47","3","1"
"4","47","4","1"
"4","47","5","1"
"4","47","6","1"
"4","47","7","1"
"101","47","1","1"
"101","47","4","1"
"107","47","1","1"
"107","47","3","1"
"4","48","1","1"
"4","48","2","1"
"4","48","3","1"
"4","48","4","1"
"4","48","5","1"
"4","48","6","1"
"4","48","7","1"
"102","48","1","1"
"101","48","1","1"
"101","48","4","1"
"50","40","1","3"
"50","40","3","3"
"106","40","1","3"
"101","40","1","3"
"101","40","4","3"
"107","40","1","3"
"107","40","3","3"
"4","48","1","3"
"4","48","2","3"
"4","48","3","3"
"4","48","4","3"
"4","48","5","3"
"4","48","6","3"
"4","48","7","3"
"102","48","1","3"
"101","48","1","3"
"101","48","4","3"
"101","49","1","1"
"101","49","4","1"
"107","49","1","1"
"107","49","3","1"
"45","50","1","1"
"45","50","3","1"
"17","50","3","1"
"17","50","1","1"
"28","50","3","1"
"28","50","1","1"
"58","50","1","1"
"58","50","3","1"
"46","50","1","1"
"61","50","3","1"
"61","50","1","1"
"54","50","1","1"
"54","50","3","1"
"4","50","1","1"
"4","50","2","1"
"4","50","3","1"
"4","50","4","1"
"4","50","5","1"
"4","50","6","1"
"4","50","7","1"
"33","50","3","1"
"33","50","1","1"
"53","50","1","1"
"53","50","3","1"
"30","50","3","1"
"30","50","1","1"
"22","50","3","1"
"22","50","1","1"
"101","50","1","1"
"101","50","4","1"
"26","50","3","1"
"26","50","1","1"
"29","50","3","1"
"29","50","1","1"
"28","51","3","1"
"28","51","1","1"
"101","51","1","1"
"101","51","4","1"
"101","52","1","1"
"101","52","4","1"
"50","39","1","3"
"50","39","3","3"
"101","39","1","3"
"101","39","4","3"
"30","53","3","1"
"30","53","1","1"
"50","53","1","1"
"50","53","3","1"
"101","53","1","1"
"101","53","4","1"
"26","53","3","1"
"26","53","1","1"
"29","53","3","1"
"29","53","1","1"
"50","54","1","1"
"50","54","3","1"
"61","54","3","1"
"61","54","1","1"
"33","54","3","1"
"33","54","1","1"
"37","54","1","1"
"37","54","3","1"
"101","54","1","1"
"101","54","4","1"
"35","54","1","1"
"35","54","3","1"
"122","54","1","1"
"122","54","3","1"
"41","54","3","1"
"41","54","1","1"
"4","54","1","1"
"4","54","2","1"
"4","54","3","1"
"4","54","4","1"
"4","54","5","1"
"4","54","6","1"
"4","54","7","1"
"12","54","1","1"
"12","54","2","1"
"12","54","3","1"
"83","54","4","1"
"83","54","1","1"
"32","54","1","1"
"32","54","3","1"
"107","54","1","1"
"107","54","3","1"
"26","54","3","1"
"26","54","1","1"
"29","54","3","1"
"29","54","1","1"
"50","54","1","3"
"50","54","3","3"
"61","54","3","3"
"61","54","1","3"
"33","54","3","3"
"33","54","1","3"
"37","54","1","3"
"37","54","3","3"
"101","54","1","3"
"101","54","4","3"
"35","54","1","3"
"35","54","3","3"
"122","54","1","3"
"122","54","3","3"
"41","54","3","3"
"41","54","1","3"
"4","54","1","3"
"4","54","2","3"
"4","54","3","3"
"4","54","4","3"
"4","54","5","3"
"4","54","6","3"
"4","54","7","3"
"12","54","1","3"
"12","54","2","3"
"12","54","3","3"
"83","54","4","3"
"83","54","1","3"
"32","54","1","3"
"32","54","3","3"
"107","54","1","3"
"107","54","3","3"
"26","54","3","3"
"26","54","1","3"
"29","54","3","3"
"29","54","1","3"
"101","55","1","1"
"101","55","4","1"
"101","55","1","3"
"101","55","4","3"
"101","56","1","3"
"101","56","4","3"
"101","56","1","1"
"101","56","4","1"
"101","57","1","3"
"101","57","4","3"
"101","57","1","1"
"101","57","4","1"
"50","58","1","1"
"50","58","3","1"
"106","58","1","1"
"23","58","3","1"
"23","58","1","1"
"102","58","1","1"
"101","58","1","1"
"101","58","4","1"
"83","58","4","1"
"83","58","1","1"
"107","58","1","1"
"107","58","3","1"
"50","58","1","3"
"50","58","3","3"
"106","58","1","3"
"23","58","3","3"
"23","58","1","3"
"102","58","1","3"
"101","58","1","3"
"101","58","4","3"
"83","58","4","3"
"83","58","1","3"
"107","58","1","3"
"107","58","3","3"
"101","59","1","3"
"101","59","4","3"
"101","59","1","1"
"101","59","4","1"
"101","60","1","3"
"101","60","4","3"
"101","60","1","1"
"101","60","4","1"
"101","38","1","3"
"101","38","4","3"
"83","38","4","3"
"83","38","1","3"
"50","61","1","3"
"50","61","3","3"
"54","61","1","3"
"54","61","3","3"
"33","61","3","3"
"33","61","1","3"
"101","61","1","3"
"101","61","4","3"
"26","61","3","3"
"26","61","1","3"
"50","61","1","1"
"50","61","3","1"
"54","61","1","1"
"54","61","3","1"
"33","61","3","1"
"33","61","1","1"
"101","61","1","1"
"101","61","4","1"
"26","61","3","1"
"26","61","1","1"
"101","62","1","3"
"101","62","4","3"
"101","62","1","1"
"101","62","4","1"
"50","63","1","3"
"50","63","3","3"
"101","63","1","3"
"101","63","4","3"
"50","63","1","1"
"50","63","3","1"
"101","63","1","1"
"101","63","4","1"
"101","64","1","3"
"101","64","4","3"
"4","64","1","3"
"4","64","2","3"
"4","64","3","3"
"4","64","4","3"
"4","64","5","3"
"4","64","6","3"
"4","64","7","3"
"101","64","1","1"
"101","64","4","1"
"4","64","1","1"
"4","64","2","1"
"4","64","3","1"
"4","64","4","1"
"4","64","5","1"
"4","64","6","1"
"4","64","7","1"
"50","65","1","3"
"50","65","3","3"
"61","65","3","3"
"61","65","1","3"
"101","65","1","3"
"101","65","4","3"
"50","65","1","1"
"50","65","3","1"
"61","65","3","1"
"61","65","1","1"
"101","65","1","1"
"101","65","4","1"
"45","50","1","3"
"45","50","3","3"
"17","50","3","3"
"17","50","1","3"
"28","50","3","3"
"28","50","1","3"
"58","50","1","3"
"58","50","3","3"
"46","50","1","3"
"61","50","3","3"
"61","50","1","3"
"54","50","1","3"
"54","50","3","3"
"4","50","1","3"
"4","50","2","3"
"4","50","3","3"
"4","50","4","3"
"4","50","5","3"
"4","50","6","3"
"4","50","7","3"
"33","50","3","3"
"33","50","1","3"
"53","50","1","3"
"53","50","3","3"
"30","50","3","3"
"30","50","1","3"
"22","50","3","3"
"22","50","1","3"
"101","50","1","3"
"101","50","4","3"
"26","50","3","3"
"26","50","1","3"
"29","50","3","3"
"29","50","1","3"
"101","66","1","3"
"101","66","4","3"
"54","66","1","3"
"54","66","3","3"
"101","66","1","1"
"101","66","4","1"
"54","66","1","1"
"54","66","3","1"
"101","49","1","3"
"101","49","4","3"
"107","49","1","3"
"107","49","3","3"
"30","53","3","3"
"30","53","1","3"
"50","53","1","3"
"50","53","3","3"
"101","53","1","3"
"101","53","4","3"
"26","53","3","3"
"26","53","1","3"
"29","53","3","3"
"29","53","1","3"
"101","67","1","3"
"101","67","4","3"
"54","67","1","3"
"54","67","3","3"
"26","67","3","3"
"26","67","1","3"
"101","67","1","1"
"101","67","4","1"
"54","67","1","1"
"54","67","3","1"
"26","67","3","1"
"26","67","1","1"
"101","68","1","3"
"101","68","4","3"
"101","68","1","1"
"101","68","4","1"
"101","69","1","3"
"101","69","4","3"
"101","69","1","1"
"101","69","4","1"
"101","70","1","3"
"101","70","4","3"
"101","70","1","1"
"101","70","4","1"
"101","71","1","3"
"101","71","4","3"
"101","71","1","1"
"101","71","4","1"
"101","72","1","1"
"101","72","4","1"
"101","72","1","2"
"101","72","4","2"
"7","4","1","4"
"7","4","2","4"
"6","4","1","4"
"6","4","2","4"
"9","4","1","4"
"9","4","2","4"
"8","4","1","4"
"8","4","2","4"
"10","4","1","4"
"10","4","2","4"
"5","4","1","4"
"5","4","2","4"
"11","4","1","4"
"11","4","2","4"
"12","4","1","4"
"12","4","2","4"
"12","4","3","4"
"13","4","1","4"
"13","4","2","4"
"15","4","1","4"
"15","4","2","4"
"25","4","3","4"
"25","4","1","4"
"26","4","3","4"
"26","4","1","4"
"47","4","1","4"
"32","4","1","4"
"32","4","3","4"
"50","4","1","4"
"50","4","3","4"
"83","4","4","4"
"83","4","1","4"
"23","4","3","4"
"23","4","1","4"
"48","4","1","4"
"48","4","3","4"
"102","4","1","4"
"78","4","4","4"
"78","4","1","4"
"78","4","6","4"
"101","4","1","4"
"101","4","4","4"
"113","4","1","4"
"113","4","4","4"
"89","4","4","4"
"89","4","1","4"
"54","4","1","4"
"54","4","3","4"
"111","4","1","4"
"131","4","4","4"
"131","4","1","4"
"131","4","5","4"
"137","4","4","4"
"137","4","1","4"
"107","4","1","4"
"107","4","3","4"
"129","4","3","4"
"129","4","1","4"
"42","4","3","4"
"42","4","1","4"
"45","4","1","4"
"45","4","3","4"
"64","4","3","4"
"64","4","1","4"
"101","73","1","2"
"101","73","4","2"
"101","73","1","1"
"101","73","4","1"
"101","74","1","1"
"101","74","4","1"
"89","74","4","1"
"89","74","1","1"
"101","74","1","2"
"101","74","4","2"
"89","74","4","2"
"89","74","1","2"
"90","75","4","4"
"90","75","1","4"
"82","75","4","4"
"82","75","1","4"
"78","75","4","4"
"78","75","1","4"
"78","75","6","4"
"83","75","4","4"
"83","75","1","4"
"95","75","4","4"
"95","75","1","4"
"110","75","4","4"
"110","75","1","4"
"101","75","1","4"
"101","75","4","4"
"102","75","1","4"
"89","75","4","4"
"89","75","1","4"
"128","75","1","4"
"128","75","4","4"
"128","75","6","4"
"90","75","4","1"
"90","75","1","1"
"82","75","4","1"
"82","75","1","1"
"78","75","4","1"
"78","75","1","1"
"78","75","6","1"
"83","75","4","1"
"83","75","1","1"
"95","75","4","1"
"95","75","1","1"
"110","75","4","1"
"110","75","1","1"
"101","75","1","1"
"101","75","4","1"
"102","75","1","1"
"89","75","4","1"
"89","75","1","1"
"128","75","1","1"
"128","75","4","1"
"128","75","6","1"
"101","76","1","4"
"101","76","4","4"
"102","76","1","4"
"83","76","4","4"
"83","76","1","4"
"101","76","1","1"
"101","76","4","1"
"102","76","1","1"
"83","76","4","1"
"83","76","1","1"
"83","77","4","4"
"83","77","1","4"
"102","77","1","4"
"101","77","1","4"
"101","77","4","4"
"89","77","4","4"
"89","77","1","4"
"83","77","4","1"
"83","77","1","1"
"102","77","1","1"
"101","77","1","1"
"101","77","4","1"
"89","77","4","1"
"89","77","1","1"
"75","78","4","4"
"75","78","1","4"
"75","78","6","4"
"102","78","1","4"
"83","78","4","4"
"83","78","1","4"
"94","78","4","4"
"94","78","1","4"
"4","78","1","4"
"4","78","2","4"
"4","78","3","4"
"4","78","4","4"
"4","78","5","4"
"4","78","6","4"
"4","78","7","4"
"101","78","1","4"
"101","78","4","4"
"82","78","4","4"
"82","78","1","4"
"97","78","4","4"
"97","78","1","4"
"89","78","4","4"
"89","78","1","4"
"128","78","1","4"
"128","78","4","4"
"128","78","6","4"
"87","78","4","4"
"87","78","1","4"
"75","78","4","1"
"75","78","1","1"
"75","78","6","1"
"102","78","1","1"
"83","78","4","1"
"83","78","1","1"
"94","78","4","1"
"94","78","1","1"
"4","78","1","1"
"4","78","2","1"
"4","78","3","1"
"4","78","4","1"
"4","78","5","1"
"4","78","6","1"
"4","78","7","1"
"101","78","1","1"
"101","78","4","1"
"82","78","4","1"
"82","78","1","1"
"97","78","4","1"
"97","78","1","1"
"89","78","4","1"
"89","78","1","1"
"128","78","1","1"
"128","78","4","1"
"128","78","6","1"
"87","78","4","1"
"87","78","1","1"
"83","80","4","4"
"83","80","1","4"
"101","80","1","4"
"101","80","4","4"
"102","80","1","4"
"135","80","4","4"
"135","80","1","4"
"136","80","1","4"
"136","80","4","4"
"137","80","4","4"
"137","80","1","4"
"83","80","4","1"
"83","80","1","1"
"101","80","1","1"
"101","80","4","1"
"102","80","1","1"
"135","80","4","1"
"135","80","1","1"
"136","80","1","1"
"136","80","4","1"
"137","80","4","1"
"137","80","1","1"
"93","81","1","4"
"93","81","4","4"
"101","81","1","4"
"101","81","4","4"
"113","81","1","4"
"113","81","4","4"
"83","81","4","4"
"83","81","1","4"
"15","81","1","4"
"15","81","2","4"
"5","81","1","4"
"5","81","2","4"
"16","81","1","4"
"16","81","2","4"
"93","81","1","1"
"93","81","4","1"
"101","81","1","1"
"101","81","4","1"
"113","81","1","1"
"113","81","4","1"
"83","81","4","1"
"83","81","1","1"
"15","81","1","1"
"15","81","2","1"
"5","81","1","1"
"5","81","2","1"
"16","81","1","1"
"16","81","2","1"
"75","82","4","4"
"75","82","1","4"
"75","82","6","4"
"83","82","4","4"
"83","82","1","4"
"78","82","4","4"
"78","82","1","4"
"78","82","6","4"
"101","82","1","4"
"101","82","4","4"
"89","82","4","4"
"89","82","1","4"
"128","82","1","4"
"128","82","4","4"
"128","82","6","4"
"75","82","4","1"
"75","82","1","1"
"75","82","6","1"
"83","82","4","1"
"83","82","1","1"
"78","82","4","1"
"78","82","1","1"
"78","82","6","1"
"101","82","1","1"
"101","82","4","1"
"89","82","4","1"
"89","82","1","1"
"128","82","1","1"
"128","82","4","1"
"128","82","6","1"
"4","83","1","4"
"4","83","2","4"
"4","83","3","4"
"4","83","4","4"
"4","83","5","4"
"4","83","6","4"
"4","83","7","4"
"89","83","4","4"
"89","83","1","4"
"77","83","4","4"
"77","83","1","4"
"99","83","1","4"
"101","83","1","4"
"101","83","4","4"
"103","83","1","4"
"103","83","4","4"
"102","83","1","4"
"91","83","4","4"
"91","83","1","4"
"109","83","4","4"
"109","83","1","4"
"78","83","4","4"
"78","83","1","4"
"78","83","6","4"
"75","83","4","4"
"75","83","1","4"
"75","83","6","4"
"95","83","4","4"
"95","83","1","4"
"92","83","4","4"
"92","83","1","4"
"84","83","4","4"
"84","83","1","4"
"110","83","4","4"
"110","83","1","4"
"15","83","1","4"
"15","83","2","4"
"113","83","1","4"
"113","83","4","4"
"82","83","4","4"
"82","83","1","4"
"5","83","1","4"
"5","83","2","4"
"104","83","1","4"
"104","83","4","4"
"116","83","1","4"
"116","83","2","4"
"80","83","4","4"
"80","83","1","4"
"54","83","1","4"
"54","83","3","4"
"12","83","1","4"
"12","83","2","4"
"12","83","3","4"
"124","83","4","4"
"124","83","1","4"
"118","83","4","4"
"118","83","1","4"
"121","83","4","4"
"121","83","1","4"
"117","83","1","4"
"117","83","4","4"
"58","83","1","4"
"58","83","3","4"
"136","83","1","4"
"136","83","4","4"
"137","83","4","4"
"137","83","1","4"
"90","83","4","4"
"90","83","1","4"
"100","83","4","4"
"100","83","1","4"
"26","83","3","4"
"26","83","1","4"
"4","83","1","1"
"4","83","2","1"
"4","83","3","1"
"4","83","4","1"
"4","83","5","1"
"4","83","6","1"
"4","83","7","1"
"89","83","4","1"
"89","83","1","1"
"77","83","4","1"
"77","83","1","1"
"99","83","1","1"
"101","83","1","1"
"101","83","4","1"
"103","83","1","1"
"103","83","4","1"
"102","83","1","1"
"91","83","4","1"
"91","83","1","1"
"109","83","4","1"
"109","83","1","1"
"78","83","4","1"
"78","83","1","1"
"78","83","6","1"
"75","83","4","1"
"75","83","1","1"
"75","83","6","1"
"95","83","4","1"
"95","83","1","1"
"92","83","4","1"
"92","83","1","1"
"84","83","4","1"
"84","83","1","1"
"110","83","4","1"
"110","83","1","1"
"15","83","1","1"
"15","83","2","1"
"113","83","1","1"
"113","83","4","1"
"82","83","4","1"
"82","83","1","1"
"5","83","1","1"
"5","83","2","1"
"104","83","1","1"
"104","83","4","1"
"116","83","1","1"
"116","83","2","1"
"80","83","4","1"
"80","83","1","1"
"54","83","1","1"
"54","83","3","1"
"12","83","1","1"
"12","83","2","1"
"12","83","3","1"
"124","83","4","1"
"124","83","1","1"
"118","83","4","1"
"118","83","1","1"
"121","83","4","1"
"121","83","1","1"
"117","83","1","1"
"117","83","4","1"
"58","83","1","1"
"58","83","3","1"
"136","83","1","1"
"136","83","4","1"
"137","83","4","1"
"137","83","1","1"
"90","83","4","1"
"90","83","1","1"
"100","83","4","1"
"100","83","1","1"
"26","83","3","1"
"26","83","1","1"
"83","84","4","4"
"83","84","1","4"
"109","84","4","4"
"109","84","1","4"
"95","84","4","4"
"95","84","1","4"
"101","84","1","4"
"101","84","4","4"
"115","84","1","4"
"115","84","4","4"
"115","84","2","4"
"102","84","1","4"
"137","84","4","4"
"137","84","1","4"
"83","84","4","1"
"83","84","1","1"
"109","84","4","1"
"109","84","1","1"
"95","84","4","1"
"95","84","1","1"
"101","84","1","1"
"101","84","4","1"
"115","84","1","1"
"115","84","4","1"
"115","84","2","1"
"102","84","1","1"
"137","84","4","1"
"137","84","1","1"
"89","85","4","1"
"89","85","1","1"
"83","85","4","1"
"83","85","1","1"
"101","85","1","1"
"101","85","4","1"
"102","85","1","1"
"89","85","4","4"
"89","85","1","4"
"83","85","4","4"
"83","85","1","4"
"101","85","1","4"
"101","85","4","4"
"102","85","1","4"
"83","86","4","4"
"83","86","1","4"
"102","86","1","4"
"109","86","4","4"
"109","86","1","4"
"101","86","1","4"
"101","86","4","4"
"89","86","4","4"
"89","86","1","4"
"83","86","4","1"
"83","86","1","1"
"102","86","1","1"
"109","86","4","1"
"109","86","1","1"
"101","86","1","1"
"101","86","4","1"
"89","86","4","1"
"89","86","1","1"
"78","87","4","4"
"78","87","1","4"
"78","87","6","4"
"110","87","4","4"
"110","87","1","4"
"101","87","1","4"
"101","87","4","4"
"102","87","1","4"
"128","87","1","4"
"128","87","4","4"
"128","87","6","4"
"78","87","4","1"
"78","87","1","1"
"78","87","6","1"
"110","87","4","1"
"110","87","1","1"
"101","87","1","1"
"101","87","4","1"
"102","87","1","1"
"128","87","1","1"
"128","87","4","1"
"128","87","6","1"
"101","88","1","4"
"101","88","4","4"
"101","88","1","1"
"101","88","4","1"
"83","89","4","4"
"83","89","1","4"
"101","89","1","4"
"101","89","4","4"
"90","89","4","4"
"90","89","1","4"
"104","89","1","4"
"104","89","4","4"
"102","89","1","4"
"78","89","4","4"
"78","89","1","4"
"78","89","6","4"
"74","89","1","4"
"74","89","2","4"
"4","89","1","4"
"4","89","2","4"
"4","89","3","4"
"4","89","4","4"
"4","89","5","4"
"4","89","6","4"
"4","89","7","4"
"103","89","1","4"
"103","89","4","4"
"82","89","4","4"
"82","89","1","4"
"110","89","4","4"
"110","89","1","4"
"100","89","4","4"
"100","89","1","4"
"83","89","4","1"
"83","89","1","1"
"101","89","1","1"
"101","89","4","1"
"90","89","4","1"
"90","89","1","1"
"104","89","1","1"
"104","89","4","1"
"102","89","1","1"
"78","89","4","1"
"78","89","1","1"
"78","89","6","1"
"74","89","1","1"
"74","89","2","1"
"4","89","1","1"
"4","89","2","1"
"4","89","3","1"
"4","89","4","1"
"4","89","5","1"
"4","89","6","1"
"4","89","7","1"
"103","89","1","1"
"103","89","4","1"
"82","89","4","1"
"82","89","1","1"
"110","89","4","1"
"110","89","1","1"
"100","89","4","1"
"100","89","1","1"
"75","90","4","4"
"75","90","1","4"
"75","90","6","4"
"89","90","4","4"
"89","90","1","4"
"101","90","1","4"
"101","90","4","4"
"83","90","4","4"
"83","90","1","4"
"135","90","4","4"
"135","90","1","4"
"75","90","4","1"
"75","90","1","1"
"75","90","6","1"
"89","90","4","1"
"89","90","1","1"
"101","90","1","1"
"101","90","4","1"
"83","90","4","1"
"83","90","1","1"
"135","90","4","1"
"135","90","1","1"
"83","91","4","4"
"83","91","1","4"
"102","91","1","4"
"101","91","1","4"
"101","91","4","4"
"83","91","4","1"
"83","91","1","1"
"102","91","1","1"
"101","91","1","1"
"101","91","4","1"
"83","92","4","4"
"83","92","1","4"
"95","92","4","4"
"95","92","1","4"
"99","92","1","4"
"101","92","1","4"
"101","92","4","4"
"137","92","4","4"
"137","92","1","4"
"83","92","4","1"
"83","92","1","1"
"95","92","4","1"
"95","92","1","1"
"99","92","1","1"
"101","92","1","1"
"101","92","4","1"
"137","92","4","1"
"137","92","1","1"
"113","93","1","1"
"113","93","4","1"
"101","93","1","1"
"101","93","4","1"
"81","93","4","1"
"81","93","1","1"
"113","93","1","4"
"113","93","4","4"
"101","93","1","4"
"101","93","4","4"
"81","93","4","4"
"81","93","1","4"
"78","94","4","4"
"78","94","1","4"
"78","94","6","4"
"95","94","4","4"
"95","94","1","4"
"110","94","4","4"
"110","94","1","4"
"101","94","1","4"
"101","94","4","4"
"89","94","4","4"
"89","94","1","4"
"128","94","1","4"
"128","94","4","4"
"128","94","6","4"
"133","94","1","4"
"133","94","4","4"
"78","94","4","1"
"78","94","1","1"
"78","94","6","1"
"95","94","4","1"
"95","94","1","1"
"110","94","4","1"
"110","94","1","1"
"101","94","1","1"
"101","94","4","1"
"89","94","4","1"
"89","94","1","1"
"128","94","1","1"
"128","94","4","1"
"128","94","6","1"
"133","94","1","1"
"133","94","4","1"
"83","95","4","4"
"83","95","1","4"
"102","95","1","4"
"109","95","4","4"
"109","95","1","4"
"92","95","4","4"
"92","95","1","4"
"84","95","4","4"
"84","95","1","4"
"110","95","4","4"
"110","95","1","4"
"99","95","1","4"
"101","95","1","4"
"101","95","4","4"
"75","95","4","4"
"75","95","1","4"
"75","95","6","4"
"98","95","4","4"
"98","95","1","4"
"103","95","1","4"
"103","95","4","4"
"128","95","1","4"
"128","95","4","4"
"128","95","6","4"
"137","95","4","4"
"137","95","1","4"
"83","95","4","1"
"83","95","1","1"
"102","95","1","1"
"109","95","4","1"
"109","95","1","1"
"92","95","4","1"
"92","95","1","1"
"84","95","4","1"
"84","95","1","1"
"110","95","4","1"
"110","95","1","1"
"99","95","1","1"
"101","95","1","1"
"101","95","4","1"
"75","95","4","1"
"75","95","1","1"
"75","95","6","1"
"98","95","4","1"
"98","95","1","1"
"103","95","1","1"
"103","95","4","1"
"128","95","1","1"
"128","95","4","1"
"128","95","6","1"
"137","95","4","1"
"137","95","1","1"
"101","96","1","4"
"101","96","4","4"
"101","96","1","1"
"101","96","4","1"
"78","97","4","4"
"78","97","1","4"
"78","97","6","4"
"101","97","1","4"
"101","97","4","4"
"89","97","4","4"
"89","97","1","4"
"128","97","1","4"
"128","97","4","4"
"128","97","6","4"
"78","97","4","1"
"78","97","1","1"
"78","97","6","1"
"101","97","1","1"
"101","97","4","1"
"89","97","4","1"
"89","97","1","1"
"128","97","1","1"
"128","97","4","1"
"128","97","6","1"
"102","98","1","4"
"95","98","4","4"
"95","98","1","4"
"101","98","1","4"
"101","98","4","4"
"83","98","4","4"
"83","98","1","4"
"137","98","4","4"
"137","98","1","4"
"102","98","1","1"
"95","98","4","1"
"95","98","1","1"
"101","98","1","1"
"101","98","4","1"
"83","98","4","1"
"83","98","1","1"
"137","98","4","1"
"137","98","1","1"
"83","99","4","1"
"83","99","1","1"
"102","99","1","1"
"92","99","4","1"
"92","99","1","1"
"95","99","4","1"
"95","99","1","1"
"101","99","1","1"
"101","99","4","1"
"137","99","4","1"
"137","99","1","1"
"83","100","4","4"
"83","100","1","4"
"109","100","4","4"
"109","100","1","4"
"101","100","1","4"
"101","100","4","4"
"102","100","1","4"
"89","100","4","4"
"89","100","1","4"
"83","100","4","1"
"83","100","1","1"
"109","100","4","1"
"109","100","1","1"
"101","100","1","1"
"101","100","4","1"
"102","100","1","1"
"89","100","4","1"
"89","100","1","1"
"83","101","4","1"
"83","101","1","1"
"102","101","1","1"
"110","101","4","1"
"110","101","1","1"
"92","101","4","1"
"92","101","1","1"
"72","101","1","1"
"72","101","2","1"
"81","101","4","1"
"81","101","1","1"
"113","101","1","1"
"113","101","4","1"
"99","101","1","1"
"93","101","1","1"
"93","101","4","1"
"11","101","1","1"
"11","101","2","1"
"15","101","1","1"
"15","101","2","1"
"4","101","1","1"
"4","101","2","1"
"4","101","3","1"
"4","101","4","1"
"4","101","5","1"
"4","101","6","1"
"4","101","7","1"
"91","101","4","1"
"91","101","1","1"
"82","101","4","1"
"82","101","1","1"
"5","101","1","1"
"5","101","2","1"
"54","101","1","1"
"54","101","3","1"
"84","101","4","1"
"84","101","1","1"
"24","101","3","1"
"24","101","1","1"
"90","101","4","1"
"90","101","1","1"
"8","101","1","1"
"8","101","2","1"
"104","101","1","1"
"104","101","4","1"
"80","101","4","1"
"80","101","1","1"
"89","101","4","1"
"89","101","1","1"
"16","101","1","1"
"16","101","2","1"
"95","101","4","1"
"95","101","1","1"
"58","101","1","1"
"58","101","3","1"
"20","101","3","1"
"20","101","1","1"
"112","101","1","1"
"112","101","2","1"
"35","101","1","1"
"35","101","3","1"
"12","101","1","1"
"12","101","2","1"
"12","101","3","1"
"13","101","1","1"
"13","101","2","1"
"103","101","1","1"
"103","101","4","1"
"32","101","1","1"
"32","101","3","1"
"22","101","3","1"
"22","101","1","1"
"100","101","4","1"
"100","101","1","1"
"33","101","3","1"
"33","101","1","1"
"26","101","3","1"
"26","101","1","1"
"137","101","4","1"
"137","101","1","1"
"30","101","3","1"
"30","101","1","1"
"27","101","1","1"
"27","101","3","1"
"87","101","4","1"
"87","101","1","1"
"29","101","3","1"
"29","101","1","1"
"53","101","1","1"
"53","101","3","1"
"83","101","4","4"
"83","101","1","4"
"102","101","1","4"
"110","101","4","4"
"110","101","1","4"
"92","101","4","4"
"92","101","1","4"
"72","101","1","4"
"72","101","2","4"
"81","101","4","4"
"81","101","1","4"
"113","101","1","4"
"113","101","4","4"
"99","101","1","4"
"93","101","1","4"
"93","101","4","4"
"11","101","1","4"
"11","101","2","4"
"15","101","1","4"
"15","101","2","4"
"4","101","1","4"
"4","101","2","4"
"4","101","3","4"
"4","101","4","4"
"4","101","5","4"
"4","101","6","4"
"4","101","7","4"
"91","101","4","4"
"91","101","1","4"
"82","101","4","4"
"82","101","1","4"
"5","101","1","4"
"5","101","2","4"
"54","101","1","4"
"54","101","3","4"
"84","101","4","4"
"84","101","1","4"
"24","101","3","4"
"24","101","1","4"
"90","101","4","4"
"90","101","1","4"
"8","101","1","4"
"8","101","2","4"
"104","101","1","4"
"104","101","4","4"
"80","101","4","4"
"80","101","1","4"
"89","101","4","4"
"89","101","1","4"
"16","101","1","4"
"16","101","2","4"
"95","101","4","4"
"95","101","1","4"
"58","101","1","4"
"58","101","3","4"
"20","101","3","4"
"20","101","1","4"
"112","101","1","4"
"112","101","2","4"
"35","101","1","4"
"35","101","3","4"
"12","101","1","4"
"12","101","2","4"
"12","101","3","4"
"13","101","1","4"
"13","101","2","4"
"103","101","1","4"
"103","101","4","4"
"32","101","1","4"
"32","101","3","4"
"22","101","3","4"
"22","101","1","4"
"100","101","4","4"
"100","101","1","4"
"33","101","3","4"
"33","101","1","4"
"26","101","3","4"
"26","101","1","4"
"137","101","4","4"
"137","101","1","4"
"30","101","3","4"
"30","101","1","4"
"27","101","1","4"
"27","101","3","4"
"87","101","4","4"
"87","101","1","4"
"29","101","3","4"
"29","101","1","4"
"53","101","1","4"
"53","101","3","4"
"83","102","4","1"
"83","102","1","1"
"103","102","1","1"
"103","102","4","1"
"91","102","4","1"
"91","102","1","1"
"58","102","1","1"
"58","102","3","1"
"99","102","1","1"
"4","102","1","1"
"4","102","2","1"
"4","102","3","1"
"4","102","4","1"
"4","102","5","1"
"4","102","6","1"
"4","102","7","1"
"77","102","4","1"
"77","102","1","1"
"109","102","4","1"
"109","102","1","1"
"78","102","4","1"
"78","102","1","1"
"78","102","6","1"
"95","102","4","1"
"95","102","1","1"
"101","102","1","1"
"101","102","4","1"
"15","102","1","1"
"15","102","2","1"
"104","102","1","1"
"104","102","4","1"
"84","102","4","1"
"84","102","1","1"
"80","102","4","1"
"80","102","1","1"
"89","102","4","1"
"89","102","1","1"
"136","102","1","1"
"136","102","4","1"
"100","102","4","1"
"100","102","1","1"
"87","102","4","1"
"87","102","1","1"
"83","103","4","1"
"83","103","1","1"
"102","103","1","1"
"95","103","4","1"
"95","103","1","1"
"110","103","4","1"
"110","103","1","1"
"101","103","1","1"
"101","103","4","1"
"104","103","1","1"
"104","103","4","1"
"89","103","4","1"
"89","103","1","1"
"83","103","4","4"
"83","103","1","4"
"102","103","1","4"
"95","103","4","4"
"95","103","1","4"
"110","103","4","4"
"110","103","1","4"
"101","103","1","4"
"101","103","4","4"
"104","103","1","4"
"104","103","4","4"
"89","103","4","4"
"89","103","1","4"
"89","104","4","1"
"89","104","1","1"
"83","104","4","1"
"83","104","1","1"
"102","104","1","1"
"109","104","4","1"
"109","104","1","1"
"101","104","1","1"
"101","104","4","1"
"103","104","1","1"
"103","104","4","1"
"137","104","4","1"
"137","104","1","1"
"89","104","4","4"
"89","104","1","4"
"83","104","4","4"
"83","104","1","4"
"102","104","1","4"
"109","104","4","4"
"109","104","1","4"
"101","104","1","4"
"101","104","4","4"
"103","104","1","4"
"103","104","4","4"
"137","104","4","4"
"137","104","1","4"
"101","105","1","4"
"101","105","4","4"
"101","105","1","1"
"101","105","4","1"
"23","106","3","1"
"23","106","1","1"
"107","106","1","1"
"107","106","3","1"
"58","106","1","1"
"58","106","3","1"
"101","106","1","1"
"101","106","4","1"
"106","107","1","1"
"101","107","1","1"
"101","107","4","1"
"54","107","1","1"
"54","107","3","1"
"58","107","1","1"
"58","107","3","1"
"4","107","1","1"
"4","107","2","1"
"4","107","3","1"
"4","107","4","1"
"4","107","5","1"
"4","107","6","1"
"4","107","7","1"
"40","107","1","1"
"40","107","3","1"
"33","107","3","1"
"33","107","1","1"
"49","107","1","1"
"49","107","3","1"
"102","108","1","1"
"83","108","4","1"
"83","108","1","1"
"101","108","1","1"
"101","108","4","1"
"102","108","1","2"
"83","108","4","2"
"83","108","1","2"
"101","108","1","2"
"101","108","4","2"
"102","109","1","4"
"95","109","4","4"
"95","109","1","4"
"84","109","4","4"
"84","109","1","4"
"101","109","1","4"
"101","109","4","4"
"104","109","1","4"
"104","109","4","4"
"83","109","4","4"
"83","109","1","4"
"135","109","4","4"
"135","109","1","4"
"100","109","4","4"
"100","109","1","4"
"102","109","1","1"
"95","109","4","1"
"95","109","1","1"
"84","109","4","1"
"84","109","1","1"
"101","109","1","1"
"101","109","4","1"
"104","109","1","1"
"104","109","4","1"
"83","109","4","1"
"83","109","1","1"
"135","109","4","1"
"135","109","1","1"
"100","109","4","1"
"100","109","1","1"
"102","110","1","4"
"95","110","4","4"
"95","110","1","4"
"101","110","1","4"
"101","110","4","4"
"75","110","4","4"
"75","110","1","4"
"75","110","6","4"
"89","110","4","4"
"89","110","1","4"
"83","110","4","4"
"83","110","1","4"
"103","110","1","4"
"103","110","4","4"
"102","110","1","1"
"95","110","4","1"
"95","110","1","1"
"101","110","1","1"
"101","110","4","1"
"75","110","4","1"
"75","110","1","1"
"75","110","6","1"
"89","110","4","1"
"89","110","1","1"
"83","110","4","1"
"83","110","1","1"
"103","110","1","1"
"103","110","4","1"
"101","111","1","1"
"101","111","4","1"
"83","111","4","1"
"83","111","1","1"
"4","111","1","1"
"4","111","2","1"
"4","111","3","1"
"4","111","4","1"
"4","111","5","1"
"4","111","6","1"
"4","111","7","1"
"101","112","1","1"
"101","112","4","1"
"116","112","1","1"
"116","112","2","1"
"101","112","1","2"
"101","112","4","2"
"116","112","1","2"
"116","112","2","2"
"101","113","1","1"
"101","113","4","1"
"81","113","4","1"
"81","113","1","1"
"83","113","4","1"
"83","113","1","1"
"93","113","1","1"
"93","113","4","1"
"4","113","1","1"
"4","113","2","1"
"4","113","3","1"
"4","113","4","1"
"4","113","5","1"
"4","113","6","1"
"4","113","7","1"
"137","113","4","1"
"137","113","1","1"
"101","113","1","4"
"101","113","4","4"
"81","113","4","4"
"81","113","1","4"
"83","113","4","4"
"83","113","1","4"
"93","113","1","4"
"93","113","4","4"
"4","113","1","4"
"4","113","2","4"
"4","113","3","4"
"4","113","4","4"
"4","113","5","4"
"4","113","6","4"
"4","113","7","4"
"137","113","4","4"
"137","113","1","4"
"78","114","4","4"
"78","114","1","4"
"78","114","6","4"
"89","114","4","4"
"89","114","1","4"
"83","114","4","4"
"83","114","1","4"
"78","114","4","1"
"78","114","1","1"
"78","114","6","1"
"89","114","4","1"
"89","114","1","1"
"83","114","4","1"
"83","114","1","1"
"84","115","4","1"
"84","115","1","1"
"89","115","4","1"
"89","115","1","1"
"137","115","4","1"
"137","115","1","1"
"84","115","4","4"
"84","115","1","4"
"89","115","4","4"
"89","115","1","4"
"137","115","4","4"
"137","115","1","4"
"84","115","4","2"
"84","115","1","2"
"89","115","4","2"
"89","115","1","2"
"137","115","4","2"
"137","115","1","2"
"83","116","4","1"
"83","116","1","1"
"5","116","1","1"
"5","116","2","1"
"112","116","1","1"
"112","116","2","1"
"83","116","4","2"
"83","116","1","2"
"5","116","1","2"
"5","116","2","2"
"112","116","1","2"
"112","116","2","2"
"83","117","4","1"
"83","117","1","1"
"128","117","1","1"
"128","117","4","1"
"128","117","6","1"
"83","118","4","4"
"83","118","1","4"
"135","118","4","4"
"135","118","1","4"
"83","118","4","1"
"83","118","1","1"
"135","118","4","1"
"135","118","1","1"
"120","119","1","1"
"120","119","4","1"
"121","119","4","1"
"121","119","1","1"
"137","119","4","1"
"137","119","1","1"
"119","120","1","1"
"119","120","4","1"
"121","120","4","1"
"121","120","1","1"
"83","120","4","1"
"83","120","1","1"
"137","120","4","1"
"137","120","1","1"
"119","120","1","4"
"119","120","4","4"
"121","120","4","4"
"121","120","1","4"
"83","120","4","4"
"83","120","1","4"
"137","120","4","4"
"137","120","1","4"
"120","119","1","4"
"120","119","4","4"
"121","119","4","4"
"121","119","1","4"
"137","119","4","4"
"137","119","1","4"
"119","121","1","4"
"119","121","4","4"
"120","121","1","4"
"120","121","4","4"
"83","121","4","4"
"83","121","1","4"
"137","121","4","4"
"137","121","1","4"
"119","121","1","1"
"119","121","4","1"
"120","121","1","1"
"120","121","4","1"
"83","121","4","1"
"83","121","1","1"
"137","121","4","1"
"137","121","1","1"
"54","122","1","1"
"54","122","3","1"
"26","122","3","1"
"26","122","1","1"
"42","122","3","1"
"42","122","1","1"
"54","122","1","3"
"54","122","3","3"
"26","122","3","3"
"26","122","1","3"
"42","122","3","3"
"42","122","1","3"
"83","123","4","4"
"83","123","1","4"
"83","123","4","1"
"83","123","1","1"
"83","124","4","4"
"83","124","1","4"
"137","124","4","4"
"137","124","1","4"
"83","124","4","1"
"83","124","1","1"
"137","124","4","1"
"137","124","1","1"
"82","128","4","1"
"82","128","1","1"
"78","128","4","1"
"78","128","1","1"
"78","128","6","1"
"117","128","1","1"
"117","128","4","1"
"97","128","4","1"
"97","128","1","1"
"87","128","4","1"
"87","128","1","1"
"95","128","4","1"
"95","128","1","1"
"82","128","4","4"
"82","128","1","4"
"78","128","4","4"
"78","128","1","4"
"78","128","6","4"
"117","128","1","4"
"117","128","4","4"
"97","128","4","4"
"97","128","1","4"
"87","128","4","4"
"87","128","1","4"
"95","128","4","4"
"95","128","1","4"
"4","129","1","3"
"4","129","2","3"
"4","129","3","3"
"4","129","4","3"
"4","129","5","3"
"4","129","6","3"
"4","129","7","3"
"4","129","1","1"
"4","129","2","1"
"4","129","3","1"
"4","129","4","1"
"4","129","5","1"
"4","129","6","1"
"4","129","7","1"
"4","131","1","4"
"4","131","2","4"
"4","131","3","4"
"4","131","4","4"
"4","131","5","4"
"4","131","6","4"
"4","131","7","4"
"4","131","1","1"
"4","131","2","1"
"4","131","3","1"
"4","131","4","1"
"4","131","5","1"
"4","131","6","1"
"4","131","7","1"
"4","131","1","5"
"4","131","2","5"
"4","131","3","5"
"4","131","4","5"
"4","131","5","5"
"4","131","6","5"
"4","131","7","5"
"7","4","1","5"
"7","4","2","5"
"6","4","1","5"
"6","4","2","5"
"9","4","1","5"
"9","4","2","5"
"8","4","1","5"
"8","4","2","5"
"10","4","1","5"
"10","4","2","5"
"5","4","1","5"
"5","4","2","5"
"11","4","1","5"
"11","4","2","5"
"12","4","1","5"
"12","4","2","5"
"12","4","3","5"
"13","4","1","5"
"13","4","2","5"
"15","4","1","5"
"15","4","2","5"
"25","4","3","5"
"25","4","1","5"
"26","4","3","5"
"26","4","1","5"
"47","4","1","5"
"32","4","1","5"
"32","4","3","5"
"50","4","1","5"
"50","4","3","5"
"83","4","4","5"
"83","4","1","5"
"23","4","3","5"
"23","4","1","5"
"48","4","1","5"
"48","4","3","5"
"102","4","1","5"
"78","4","4","5"
"78","4","1","5"
"78","4","6","5"
"101","4","1","5"
"101","4","4","5"
"113","4","1","5"
"113","4","4","5"
"89","4","4","5"
"89","4","1","5"
"54","4","1","5"
"54","4","3","5"
"111","4","1","5"
"131","4","4","5"
"131","4","1","5"
"131","4","5","5"
"137","4","4","5"
"137","4","1","5"
"107","4","1","5"
"107","4","3","5"
"129","4","3","5"
"129","4","1","5"
"42","4","3","5"
"42","4","1","5"
"45","4","1","5"
"45","4","3","5"
"64","4","3","5"
"64","4","1","5"
"26","134","3","1"
"26","134","1","1"
"26","134","3","3"
"26","134","1","3"
"7","4","1","6"
"7","4","2","6"
"6","4","1","6"
"6","4","2","6"
"9","4","1","6"
"9","4","2","6"
"8","4","1","6"
"8","4","2","6"
"10","4","1","6"
"10","4","2","6"
"5","4","1","6"
"5","4","2","6"
"11","4","1","6"
"11","4","2","6"
"12","4","1","6"
"12","4","2","6"
"12","4","3","6"
"13","4","1","6"
"13","4","2","6"
"15","4","1","6"
"15","4","2","6"
"25","4","3","6"
"25","4","1","6"
"26","4","3","6"
"26","4","1","6"
"47","4","1","6"
"32","4","1","6"
"32","4","3","6"
"50","4","1","6"
"50","4","3","6"
"83","4","4","6"
"83","4","1","6"
"23","4","3","6"
"23","4","1","6"
"48","4","1","6"
"48","4","3","6"
"102","4","1","6"
"78","4","4","6"
"78","4","1","6"
"78","4","6","6"
"101","4","1","6"
"101","4","4","6"
"113","4","1","6"
"113","4","4","6"
"89","4","4","6"
"89","4","1","6"
"54","4","1","6"
"54","4","3","6"
"111","4","1","6"
"131","4","4","6"
"131","4","1","6"
"131","4","5","6"
"137","4","4","6"
"137","4","1","6"
"107","4","1","6"
"107","4","3","6"
"129","4","3","6"
"129","4","1","6"
"42","4","3","6"
"42","4","1","6"
"45","4","1","6"
"45","4","3","6"
"64","4","3","6"
"64","4","1","6"
"90","75","4","6"
"90","75","1","6"
"82","75","4","6"
"82","75","1","6"
"78","75","4","6"
"78","75","1","6"
"78","75","6","6"
"83","75","4","6"
"83","75","1","6"
"95","75","4","6"
"95","75","1","6"
"110","75","4","6"
"110","75","1","6"
"101","75","1","6"
"101","75","4","6"
"102","75","1","6"
"89","75","4","6"
"89","75","1","6"
"128","75","1","6"
"128","75","4","6"
"128","75","6","6"
"75","78","4","6"
"75","78","1","6"
"75","78","6","6"
"102","78","1","6"
"83","78","4","6"
"83","78","1","6"
"94","78","4","6"
"94","78","1","6"
"4","78","1","6"
"4","78","2","6"
"4","78","3","6"
"4","78","4","6"
"4","78","5","6"
"4","78","6","6"
"4","78","7","6"
"101","78","1","6"
"101","78","4","6"
"82","78","4","6"
"82","78","1","6"
"97","78","4","6"
"97","78","1","6"
"89","78","4","6"
"89","78","1","6"
"128","78","1","6"
"128","78","4","6"
"128","78","6","6"
"87","78","4","6"
"87","78","1","6"
"82","128","4","6"
"82","128","1","6"
"78","128","4","6"
"78","128","1","6"
"78","128","6","6"
"117","128","1","6"
"117","128","4","6"
"97","128","4","6"
"97","128","1","6"
"87","128","4","6"
"87","128","1","6"
"95","128","4","6"
"95","128","1","6"
"109","135","4","4"
"109","135","1","4"
"80","135","4","4"
"80","135","1","4"
"90","135","4","4"
"90","135","1","4"
"109","135","4","1"
"109","135","1","1"
"80","135","4","1"
"80","135","1","1"
"90","135","4","1"
"90","135","1","1"
"83","117","4","4"
"83","117","1","4"
"128","117","1","4"
"128","117","4","4"
"128","117","6","4"
"80","136","4","1"
"80","136","1","1"
"137","136","4","1"
"137","136","1","1"
"83","136","4","1"
"83","136","1","1"
"80","136","4","4"
"80","136","1","4"
"137","136","4","4"
"137","136","1","4"
"83","136","4","4"
"83","136","1","4"
"83","137","4","4"
"83","137","1","4"
"4","137","1","4"
"4","137","2","4"
"4","137","3","4"
"4","137","4","4"
"4","137","5","4"
"4","137","6","4"
"4","137","7","4"
"121","137","4","4"
"121","137","1","4"
"119","137","1","4"
"119","137","4","4"
"84","137","4","4"
"84","137","1","4"
"80","137","4","4"
"80","137","1","4"
"124","137","4","4"
"124","137","1","4"
"92","137","4","4"
"92","137","1","4"
"95","137","4","4"
"95","137","1","4"
"83","137","4","1"
"83","137","1","1"
"4","137","1","1"
"4","137","2","1"
"4","137","3","1"
"4","137","4","1"
"4","137","5","1"
"4","137","6","1"
"4","137","7","1"
"121","137","4","1"
"121","137","1","1"
"119","137","1","1"
"119","137","4","1"
"84","137","4","1"
"84","137","1","1"
"80","137","4","1"
"80","137","1","1"
"124","137","4","1"
"124","137","1","1"
"92","137","4","1"
"92","137","1","1"
"95","137","4","1"
"95","137","1","1"
"26","37","3","3"
"26","37","1","3"
"54","37","1","3"
"54","37","3","3"
"101","37","1","3"
"101","37","4","3"
"4","32","1","3"
"4","32","2","3"
"4","32","3","3"
"4","32","4","3"
"4","32","5","3"
"4","32","6","3"
"4","32","7","3"
"54","32","1","3"
"54","32","3","3"
"101","32","1","3"
"101","32","4","3"
"12","32","1","3"
"12","32","2","3"
"12","32","3","3"
"29","32","3","3"
"29","32","1","3"
"31","45","1","3"
"28","45","3","3"
"28","45","1","3"
"29","45","3","3"
"29","45","1","3"
"50","45","1","3"
"50","45","3","3"
"17","45","3","3"
"17","45","1","3"
"33","45","3","3"
"33","45","1","3"
"101","45","1","3"
"101","45","4","3"
"4","45","1","3"
"4","45","2","3"
"4","45","3","3"
"4","45","4","3"
"4","45","5","3"
"4","45","6","3"
"4","45","7","3"
"42","148","3","1"
"42","148","1","1"
"42","148","3","3"
"42","148","1","3"
"106","107","1","3"
"101","107","1","3"
"101","107","4","3"
"54","107","1","3"
"54","107","3","3"
"58","107","1","3"
"58","107","3","3"
"4","107","1","3"
"4","107","2","3"
"4","107","3","3"
"4","107","4","3"
"4","107","5","3"
"4","107","6","3"
"4","107","7","3"
"40","107","1","3"
"40","107","3","3"
"33","107","3","3"
"33","107","1","3"
"49","107","1","3"
"49","107","3","3"
"7","4","1","7"
"7","4","2","7"
"6","4","1","7"
"6","4","2","7"
"9","4","1","7"
"9","4","2","7"
"8","4","1","7"
"8","4","2","7"
"10","4","1","7"
"10","4","2","7"
"5","4","1","7"
"5","4","2","7"
"11","4","1","7"
"11","4","2","7"
"12","4","1","7"
"12","4","2","7"
"12","4","3","7"
"13","4","1","7"
"13","4","2","7"
"15","4","1","7"
"15","4","2","7"
"25","4","3","7"
"25","4","1","7"
"26","4","3","7"
"26","4","1","7"
"47","4","1","7"
"32","4","1","7"
"32","4","3","7"
"50","4","1","7"
"50","4","3","7"
"83","4","4","7"
"83","4","1","7"
"23","4","3","7"
"23","4","1","7"
"48","4","1","7"
"48","4","3","7"
"102","4","1","7"
"78","4","4","7"
"78","4","1","7"
"78","4","6","7"
"101","4","1","7"
"101","4","4","7"
"113","4","1","7"
"113","4","4","7"
"89","4","4","7"
"89","4","1","7"
"54","4","1","7"
"54","4","3","7"
"111","4","1","7"
"131","4","4","7"
"131","4","1","7"
"131","4","5","7"
"137","4","4","7"
"137","4","1","7"
"107","4","1","7"
"107","4","3","7"
"129","4","3","7"
"129","4","1","7"
"42","4","3","7"
"42","4","1","7"
"45","4","1","7"
"45","4","3","7"
"64","4","3","7"
"64","4","1","7"
"93","14","1","7"
"93","14","4","7"
"101","14","1","7"
"101","14","4","7"
